{
    "ExposureTime": 57785,
    "AnalogueGain": 1.9,
    "Brightness": 0.7,
    "Contrast": 3.0,
    "ColourGains": [
        3.3149960041046143,
        1.5416440963745117
    ],
    "AeEnable": false,
    "AwbEnable": true
}